{
  "overall": {
    "BLEU": 0.004599382947681775,
    "ROUGE1_F1": 0.13695482566492148,
    "ROUGEL_F1": 0.08783997864711605,
    "BERTScore_F1": 0.8171951174736023
  },
  "per_subcategory": {
    "alternate output": {
      "BLEU": 0.007250171092543526,
      "ROUGE1_F1": 0.18633743260608931,
      "ROUGEL_F1": 0.11525331495480748,
      "BERTScore_F1": 0.8538403511047363
    },
    "code organization": {
      "BLEU": 0.008664628164468056,
      "ROUGE1_F1": 0.18877441735988051,
      "ROUGEL_F1": 0.12228624121198275,
      "BERTScore_F1": 0.823076605796814
    },
    "design discussion": {
      "BLEU": 0.0043844801285496,
      "ROUGE1_F1": 0.13736394181123177,
      "ROUGEL_F1": 0.0930409650996762,
      "BERTScore_F1": 0.8444262146949768
    },
    "documentation": {
      "BLEU": 0.005240143103656068,
      "ROUGE1_F1": 0.11879226698734034,
      "ROUGEL_F1": 0.07640036639590655,
      "BERTScore_F1": 0.8137218356132507
    },
    "false positive": {
      "BLEU": 0.00230970936419821,
      "ROUGE1_F1": 0.05782011892196426,
      "ROUGEL_F1": 0.04175388265958192,
      "BERTScore_F1": 0.8159332275390625
    },
    "functional": {
      "BLEU": 0.0035763403286021753,
      "ROUGE1_F1": 0.13277641788218977,
      "ROUGEL_F1": 0.08939438074567292,
      "BERTScore_F1": 0.8234472274780273
    },
    "interface": {
      "BLEU": 0.0035135558393894852,
      "ROUGE1_F1": 0.14676506274859763,
      "ROUGEL_F1": 0.09229613958213034,
      "BERTScore_F1": 0.8169719576835632
    },
    "logical": {
      "BLEU": 0.0048238003836743445,
      "ROUGE1_F1": 0.18463018082200117,
      "ROUGEL_F1": 0.11735611057628444,
      "BERTScore_F1": 0.8200749158859253
    },
    "praise": {
      "BLEU": 0.0017357154739428482,
      "ROUGE1_F1": 0.05517452223351759,
      "ROUGEL_F1": 0.04716994870020331,
      "BERTScore_F1": 0.7950645089149475
    },
    "question": {
      "BLEU": 0.0029843456537157506,
      "ROUGE1_F1": 0.10660521779915573,
      "ROUGEL_F1": 0.06875391208437294,
      "BERTScore_F1": 0.8118885159492493
    },
    "resource": {
      "BLEU": 0.00663978393812182,
      "ROUGE1_F1": 0.169310445941462,
      "ROUGEL_F1": 0.11519739346611005,
      "BERTScore_F1": 0.840279221534729
    },
    "solution approach": {
      "BLEU": 0.0057291895108730765,
      "ROUGE1_F1": 0.17567524608325344,
      "ROUGEL_F1": 0.10761189087302969,
      "BERTScore_F1": 0.820388913154602
    },
    "support issues": {
      "BLEU": 0.003626235566294354,
      "ROUGE1_F1": 0.11847225719414073,
      "ROUGEL_F1": 0.08360266630184647,
      "BERTScore_F1": 0.8115968704223633
    },
    "timing": {
      "BLEU": 0.01103896932100209,
      "ROUGE1_F1": 0.22296512087653958,
      "ROUGEL_F1": 0.12139350822900108,
      "BERTScore_F1": 0.8100513219833374
    },
    "validation": {
      "BLEU": 0.0034858200477119665,
      "ROUGE1_F1": 0.16025029751410452,
      "ROUGEL_F1": 0.09459906829055337,
      "BERTScore_F1": 0.8174946308135986
    },
    "variable naming": {
      "BLEU": 0.003158000068181484,
      "ROUGE1_F1": 0.12767560146785034,
      "ROUGEL_F1": 0.08995017934338513,
      "BERTScore_F1": 0.8148709535598755
    },
    "visual representation": {
      "BLEU": 0.002309115998407437,
      "ROUGE1_F1": 0.07623413437641055,
      "ROUGEL_F1": 0.047132010215405376,
      "BERTScore_F1": 0.8090960383415222
    }
  },
  "per_category": {
    "discussion": {
      "BLEU": 0.0028855655587435502,
      "ROUGE1_F1": 0.09954623062971937,
      "ROUGEL_F1": 0.06705574024855726,
      "BERTScore_F1": 0.8120766282081604
    },
    "documentation": {
      "BLEU": 0.005240143103656068,
      "ROUGE1_F1": 0.11879226698734034,
      "ROUGEL_F1": 0.07640036639590655,
      "BERTScore_F1": 0.8137218356132507
    },
    "false positive": {
      "BLEU": 0.00230970936419821,
      "ROUGE1_F1": 0.05782011892196426,
      "ROUGEL_F1": 0.04175388265958192,
      "BERTScore_F1": 0.8159332275390625
    },
    "functional": {
      "BLEU": 0.004852351340890892,
      "ROUGE1_F1": 0.1617008090698394,
      "ROUGEL_F1": 0.10269405174550798,
      "BERTScore_F1": 0.8192002773284912
    },
    "refactoring": {
      "BLEU": 0.005503762037160861,
      "ROUGE1_F1": 0.1561731578510137,
      "ROUGEL_F1": 0.09837124522532174,
      "BERTScore_F1": 0.8203595280647278
    }
  }
}