{
  "overall": {
    "BLEU": 0.0038582579088980522,
    "ROUGE1_F1": 0.1356270416621133,
    "ROUGEL_F1": 0.08578861613144351,
    "BERTScore_F1": 0.8194882273674011
  },
  "per_subcategory": {
    "alternate output": {
      "BLEU": 0.006536180404521347,
      "ROUGE1_F1": 0.17263148199318412,
      "ROUGEL_F1": 0.12297780233950446,
      "BERTScore_F1": 0.862459659576416
    },
    "code organization": {
      "BLEU": 0.004365741100932496,
      "ROUGE1_F1": 0.18306094409506052,
      "ROUGEL_F1": 0.12617678771532242,
      "BERTScore_F1": 0.8238145709037781
    },
    "design discussion": {
      "BLEU": 0.004126686992131432,
      "ROUGE1_F1": 0.12808810111097685,
      "ROUGEL_F1": 0.08796741894698705,
      "BERTScore_F1": 0.8432831168174744
    },
    "documentation": {
      "BLEU": 0.003549126506186147,
      "ROUGE1_F1": 0.1176747469624957,
      "ROUGEL_F1": 0.07200531494526251,
      "BERTScore_F1": 0.8162081241607666
    },
    "false positive": {
      "BLEU": 0.001630075118989504,
      "ROUGE1_F1": 0.06121044391864303,
      "ROUGEL_F1": 0.04014840208063123,
      "BERTScore_F1": 0.8166592717170715
    },
    "functional": {
      "BLEU": 0.004602039188692587,
      "ROUGE1_F1": 0.1493024243142095,
      "ROUGEL_F1": 0.09655839764104812,
      "BERTScore_F1": 0.8247691988945007
    },
    "interface": {
      "BLEU": 0.003310903779656918,
      "ROUGE1_F1": 0.14194583854875936,
      "ROUGEL_F1": 0.09264204108040491,
      "BERTScore_F1": 0.821079432964325
    },
    "logical": {
      "BLEU": 0.004091410539486526,
      "ROUGE1_F1": 0.17840626086688433,
      "ROUGEL_F1": 0.10151007183950571,
      "BERTScore_F1": 0.8259992599487305
    },
    "praise": {
      "BLEU": 0.0011058013846054074,
      "ROUGE1_F1": 0.039149653498505126,
      "ROUGEL_F1": 0.029692122086300198,
      "BERTScore_F1": 0.7979512810707092
    },
    "question": {
      "BLEU": 0.002712793135018811,
      "ROUGE1_F1": 0.10072768214808567,
      "ROUGEL_F1": 0.06770598324672754,
      "BERTScore_F1": 0.8129817247390747
    },
    "resource": {
      "BLEU": 0.0052588567054939125,
      "ROUGE1_F1": 0.13090995675433453,
      "ROUGEL_F1": 0.08645258360056537,
      "BERTScore_F1": 0.8431363105773926
    },
    "solution approach": {
      "BLEU": 0.005880762581137024,
      "ROUGE1_F1": 0.1857245909955849,
      "ROUGEL_F1": 0.11132704747829632,
      "BERTScore_F1": 0.8235663175582886
    },
    "support issues": {
      "BLEU": 0.0026559094590714975,
      "ROUGE1_F1": 0.12695113517803813,
      "ROUGEL_F1": 0.08656382545400126,
      "BERTScore_F1": 0.8111298680305481
    },
    "timing": {
      "BLEU": 0.010419724887942182,
      "ROUGE1_F1": 0.19331091241605952,
      "ROUGEL_F1": 0.10664704687485063,
      "BERTScore_F1": 0.8062178492546082
    },
    "validation": {
      "BLEU": 0.0037021738324188426,
      "ROUGE1_F1": 0.17676420797734274,
      "ROUGEL_F1": 0.09865528401552474,
      "BERTScore_F1": 0.8221116662025452
    },
    "variable naming": {
      "BLEU": 0.0029668570473549423,
      "ROUGE1_F1": 0.13022934518131826,
      "ROUGEL_F1": 0.08495703131496017,
      "BERTScore_F1": 0.8164567351341248
    },
    "visual representation": {
      "BLEU": 0.002719540129086294,
      "ROUGE1_F1": 0.08081465079526243,
      "ROUGEL_F1": 0.04994738132769998,
      "BERTScore_F1": 0.8124829530715942
    }
  },
  "per_category": {
    "discussion": {
      "BLEU": 0.002542542281095261,
      "ROUGE1_F1": 0.09122405619682568,
      "ROUGEL_F1": 0.062213689569632295,
      "BERTScore_F1": 0.8132867217063904
    },
    "documentation": {
      "BLEU": 0.003549126506186147,
      "ROUGE1_F1": 0.1176747469624957,
      "ROUGEL_F1": 0.07200531494526251,
      "BERTScore_F1": 0.8162081241607666
    },
    "false positive": {
      "BLEU": 0.001630075118989504,
      "ROUGE1_F1": 0.06121044391864303,
      "ROUGEL_F1": 0.04014840208063123,
      "BERTScore_F1": 0.8166592717170715
    },
    "functional": {
      "BLEU": 0.004595305190784869,
      "ROUGE1_F1": 0.15894535924465505,
      "ROUGEL_F1": 0.09583150592739427,
      "BERTScore_F1": 0.8222252130508423
    },
    "refactoring": {
      "BLEU": 0.004486309663917557,
      "ROUGE1_F1": 0.1598506535371921,
      "ROUGEL_F1": 0.10162078093218965,
      "BERTScore_F1": 0.8229513764381409
    }
  }
}