{
  "overall": {
    "BLEU": 0.003593532729658141,
    "ROUGE1_F1": 0.13114177035699945,
    "ROUGEL_F1": 0.08585222711061535,
    "BERTScore_F1": 0.816755473613739
  },
  "per_subcategory": {
    "alternate output": {
      "BLEU": 0.006020372282105346,
      "ROUGE1_F1": 0.16203213693035273,
      "ROUGEL_F1": 0.11956733917056114,
      "BERTScore_F1": 0.8531769514083862
    },
    "code organization": {
      "BLEU": 0.00515998794291968,
      "ROUGE1_F1": 0.18293433572130607,
      "ROUGEL_F1": 0.12706568709776486,
      "BERTScore_F1": 0.8254467248916626
    },
    "design discussion": {
      "BLEU": 0.0027246516083099578,
      "ROUGE1_F1": 0.10968969673149219,
      "ROUGEL_F1": 0.07363766304100362,
      "BERTScore_F1": 0.8304963111877441
    },
    "documentation": {
      "BLEU": 0.0033267145583351157,
      "ROUGE1_F1": 0.1301489783950165,
      "ROUGEL_F1": 0.08695953553519152,
      "BERTScore_F1": 0.8145627975463867
    },
    "false positive": {
      "BLEU": 0.002396196914714807,
      "ROUGE1_F1": 0.0814333157429606,
      "ROUGEL_F1": 0.05590140084934357,
      "BERTScore_F1": 0.8137186765670776
    },
    "functional": {
      "BLEU": 0.003576978651957537,
      "ROUGE1_F1": 0.1342192513368984,
      "ROUGEL_F1": 0.09444919786096256,
      "BERTScore_F1": 0.8264800906181335
    },
    "interface": {
      "BLEU": 0.0031459239412648604,
      "ROUGE1_F1": 0.1544714498365535,
      "ROUGEL_F1": 0.09168171364283237,
      "BERTScore_F1": 0.8256460428237915
    },
    "logical": {
      "BLEU": 0.003871986832752012,
      "ROUGE1_F1": 0.17400992986243813,
      "ROUGEL_F1": 0.10130903464420185,
      "BERTScore_F1": 0.8237978219985962
    },
    "praise": {
      "BLEU": 0.0016031968065412495,
      "ROUGE1_F1": 0.05662081052057882,
      "ROUGEL_F1": 0.04261651739769655,
      "BERTScore_F1": 0.789668083190918
    },
    "question": {
      "BLEU": 0.0023476971160498483,
      "ROUGE1_F1": 0.09498344198159081,
      "ROUGEL_F1": 0.06388394998050409,
      "BERTScore_F1": 0.8112557530403137
    },
    "resource": {
      "BLEU": 0.004002561332160844,
      "ROUGE1_F1": 0.14011180229667625,
      "ROUGEL_F1": 0.09798974135108589,
      "BERTScore_F1": 0.8350895643234253
    },
    "solution approach": {
      "BLEU": 0.00428521743521781,
      "ROUGE1_F1": 0.16562582664961928,
      "ROUGEL_F1": 0.0995765922172372,
      "BERTScore_F1": 0.819293737411499
    },
    "support issues": {
      "BLEU": 0.0025487522873745756,
      "ROUGE1_F1": 0.10835942877221284,
      "ROUGEL_F1": 0.06819949631510396,
      "BERTScore_F1": 0.806049644947052
    },
    "timing": {
      "BLEU": 0.007697830637105811,
      "ROUGE1_F1": 0.19940587580539942,
      "ROUGEL_F1": 0.12106648232389405,
      "BERTScore_F1": 0.8068510293960571
    },
    "validation": {
      "BLEU": 0.0045387329317506725,
      "ROUGE1_F1": 0.16182578709419618,
      "ROUGEL_F1": 0.10191122014756414,
      "BERTScore_F1": 0.8206177949905396
    },
    "variable naming": {
      "BLEU": 0.0041226000411971,
      "ROUGE1_F1": 0.12235946800828416,
      "ROUGEL_F1": 0.0849312112130796,
      "BERTScore_F1": 0.8166091442108154
    },
    "visual representation": {
      "BLEU": 0.002247662135589067,
      "ROUGE1_F1": 0.0692283742385028,
      "ROUGEL_F1": 0.04705968708088385,
      "BERTScore_F1": 0.8058004975318909
    }
  },
  "per_category": {
    "discussion": {
      "BLEU": 0.0022379234780677383,
      "ROUGE1_F1": 0.08880286017470704,
      "ROUGEL_F1": 0.06063544109072842,
      "BERTScore_F1": 0.8089960813522339
    },
    "documentation": {
      "BLEU": 0.0033267145583351157,
      "ROUGE1_F1": 0.1301489783950165,
      "ROUGEL_F1": 0.08695953553519152,
      "BERTScore_F1": 0.8145627975463867
    },
    "false positive": {
      "BLEU": 0.002396196914714807,
      "ROUGE1_F1": 0.0814333157429606,
      "ROUGEL_F1": 0.05590140084934357,
      "BERTScore_F1": 0.8137186765670776
    },
    "functional": {
      "BLEU": 0.004193433178469102,
      "ROUGE1_F1": 0.15395267769344323,
      "ROUGEL_F1": 0.096609541892605,
      "BERTScore_F1": 0.8208246827125549
    },
    "refactoring": {
      "BLEU": 0.004255415971703414,
      "ROUGE1_F1": 0.14802421158532547,
      "ROUGEL_F1": 0.09712626800455515,
      "BERTScore_F1": 0.8201286792755127
    }
  }
}