{
  "overall": {
    "BLEU": 0.0019193708447614141,
    "ROUGE1_F1": 0.01190673252435771,
    "ROUGEL_F1": 0.011443702994092333,
    "BERTScore_F1": 0.7460014820098877
  },
  "per_subcategory": {
    "alternate output": {
      "BLEU": 0.002575576850449833,
      "ROUGE1_F1": 0.011670881151526941,
      "ROUGEL_F1": 0.011670881151526941,
      "BERTScore_F1": 0.7576913833618164
    },
    "code organization": {
      "BLEU": 0.007579216549838026,
      "ROUGE1_F1": 0.03151859528001914,
      "ROUGEL_F1": 0.030176313400824516,
      "BERTScore_F1": 0.7490266561508179
    },
    "design discussion": {
      "BLEU": 0.0,
      "ROUGE1_F1": 0.0,
      "ROUGEL_F1": 0.0,
      "BERTScore_F1": 0.7495511174201965
    },
    "documentation": {
      "BLEU": 0.0014480287179889815,
      "ROUGE1_F1": 0.014518681870988414,
      "ROUGEL_F1": 0.014518681870988414,
      "BERTScore_F1": 0.7454171180725098
    },
    "false positive": {
      "BLEU": 0.0012064803452402917,
      "ROUGE1_F1": 0.006349206349206349,
      "ROUGEL_F1": 0.006349206349206349,
      "BERTScore_F1": 0.7473421096801758
    },
    "functional": {
      "BLEU": 0.0027292203569790332,
      "ROUGE1_F1": 0.01563845050215208,
      "ROUGEL_F1": 0.01563845050215208,
      "BERTScore_F1": 0.7477763891220093
    },
    "interface": {
      "BLEU": 0.0013432944104709724,
      "ROUGE1_F1": 0.006649042698069376,
      "ROUGEL_F1": 0.006649042698069376,
      "BERTScore_F1": 0.7463935017585754
    },
    "logical": {
      "BLEU": 0.002071663584822926,
      "ROUGE1_F1": 0.015252455013587574,
      "ROUGEL_F1": 0.0129797277408603,
      "BERTScore_F1": 0.7493606805801392
    },
    "praise": {
      "BLEU": 0.0,
      "ROUGE1_F1": 0.0,
      "ROUGEL_F1": 0.0,
      "BERTScore_F1": 0.735422670841217
    },
    "question": {
      "BLEU": 0.00135819302368432,
      "ROUGE1_F1": 0.008541159250214087,
      "ROUGEL_F1": 0.007926908635963474,
      "BERTScore_F1": 0.7430130243301392
    },
    "resource": {
      "BLEU": 0.0012064803452402917,
      "ROUGE1_F1": 0.005333333333333334,
      "ROUGEL_F1": 0.005333333333333334,
      "BERTScore_F1": 0.755724310874939
    },
    "solution approach": {
      "BLEU": 0.0011233160695438517,
      "ROUGE1_F1": 0.01214780065775389,
      "ROUGEL_F1": 0.01214780065775389,
      "BERTScore_F1": 0.7480503916740417
    },
    "support issues": {
      "BLEU": 0.0007574921724854346,
      "ROUGE1_F1": 0.004290468743734712,
      "ROUGEL_F1": 0.004290468743734712,
      "BERTScore_F1": 0.7400038242340088
    },
    "timing": {
      "BLEU": 0.0014042418601084555,
      "ROUGE1_F1": 0.013802500104309848,
      "ROUGEL_F1": 0.011392861550092979,
      "BERTScore_F1": 0.7384209632873535
    },
    "validation": {
      "BLEU": 0.0029692637598641367,
      "ROUGE1_F1": 0.01945775379722801,
      "ROUGEL_F1": 0.01945775379722801,
      "BERTScore_F1": 0.7459097504615784
    },
    "variable naming": {
      "BLEU": 0.001158022729746146,
      "ROUGE1_F1": 0.008673733867617299,
      "ROUGEL_F1": 0.007598465050412997,
      "BERTScore_F1": 0.7477598190307617
    },
    "visual representation": {
      "BLEU": 0.0005166516963349894,
      "ROUGE1_F1": 0.002079002079002079,
      "ROUGEL_F1": 0.002079002079002079,
      "BERTScore_F1": 0.7451083660125732
    }
  },
  "per_category": {
    "discussion": {
      "BLEU": 0.0009306137384503675,
      "ROUGE1_F1": 0.005852275782554097,
      "ROUGEL_F1": 0.005431400361678677,
      "BERTScore_F1": 0.7421932816505432
    },
    "documentation": {
      "BLEU": 0.0014480287179889815,
      "ROUGE1_F1": 0.014518681870988414,
      "ROUGEL_F1": 0.014518681870988414,
      "BERTScore_F1": 0.7454171180725098
    },
    "false positive": {
      "BLEU": 0.0012064803452402917,
      "ROUGE1_F1": 0.006349206349206349,
      "ROUGEL_F1": 0.006349206349206349,
      "BERTScore_F1": 0.7473421096801758
    },
    "functional": {
      "BLEU": 0.0019298911135591102,
      "ROUGE1_F1": 0.012924658660379604,
      "ROUGEL_F1": 0.012229149350412463,
      "BERTScore_F1": 0.7465961575508118
    },
    "refactoring": {
      "BLEU": 0.0027258414857263625,
      "ROUGE1_F1": 0.014777508760225808,
      "ROUGEL_F1": 0.014265905547821558,
      "BERTScore_F1": 0.7481827735900879
    }
  }
}