{
  "overall": {
    "BLEU": 0.0053278152547557535,
    "ROUGE1_F1": 0.12367630480681219,
    "ROUGEL_F1": 0.08474779937099508,
    "BERTScore_F1": 0.8214198350906372
  },
  "per_subcategory": {
    "alternate output": {
      "BLEU": 0.004624766906647649,
      "ROUGE1_F1": 0.15039705207931037,
      "ROUGEL_F1": 0.1011172499859456,
      "BERTScore_F1": 0.8446752429008484
    },
    "code organization": {
      "BLEU": 0.004686366110451099,
      "ROUGE1_F1": 0.15466688800121314,
      "ROUGEL_F1": 0.11326671448054684,
      "BERTScore_F1": 0.8212901949882507
    },
    "design discussion": {
      "BLEU": 0.004762015345333987,
      "ROUGE1_F1": 0.12970961392014022,
      "ROUGEL_F1": 0.10154324479982374,
      "BERTScore_F1": 0.8381503224372864
    },
    "documentation": {
      "BLEU": 0.00605507432042211,
      "ROUGE1_F1": 0.11432653282311529,
      "ROUGEL_F1": 0.07440246814597457,
      "BERTScore_F1": 0.824718713760376
    },
    "false positive": {
      "BLEU": 0.0025483242539464587,
      "ROUGE1_F1": 0.06631452318460193,
      "ROUGEL_F1": 0.04584208223972003,
      "BERTScore_F1": 0.8126929402351379
    },
    "functional": {
      "BLEU": 0.006159905789318918,
      "ROUGE1_F1": 0.13222208259087048,
      "ROUGEL_F1": 0.09291503360640213,
      "BERTScore_F1": 0.8304286003112793
    },
    "interface": {
      "BLEU": 0.005079682358198154,
      "ROUGE1_F1": 0.10466673953362196,
      "ROUGEL_F1": 0.0722284388894879,
      "BERTScore_F1": 0.8250821828842163
    },
    "logical": {
      "BLEU": 0.004197280030533271,
      "ROUGE1_F1": 0.16506618243132562,
      "ROUGEL_F1": 0.10691438382871102,
      "BERTScore_F1": 0.8322292566299438
    },
    "praise": {
      "BLEU": 0.00615037402732817,
      "ROUGE1_F1": 0.043344882753128526,
      "ROUGEL_F1": 0.03061946651894036,
      "BERTScore_F1": 0.8008173108100891
    },
    "question": {
      "BLEU": 0.0036393480653489066,
      "ROUGE1_F1": 0.09345506243014047,
      "ROUGEL_F1": 0.0673503099016247,
      "BERTScore_F1": 0.8162147998809814
    },
    "resource": {
      "BLEU": 0.004766738686344118,
      "ROUGE1_F1": 0.11274095469747643,
      "ROUGEL_F1": 0.08119662945749903,
      "BERTScore_F1": 0.8439527750015259
    },
    "solution approach": {
      "BLEU": 0.008516764094876788,
      "ROUGE1_F1": 0.15879778601890673,
      "ROUGEL_F1": 0.10761991834963572,
      "BERTScore_F1": 0.8225446343421936
    },
    "support issues": {
      "BLEU": 0.004595379130543586,
      "ROUGE1_F1": 0.13122877472352287,
      "ROUGEL_F1": 0.07873022152411874,
      "BERTScore_F1": 0.8160862922668457
    },
    "timing": {
      "BLEU": 0.011221396358887284,
      "ROUGE1_F1": 0.21099726493029208,
      "ROUGEL_F1": 0.11221236903533256,
      "BERTScore_F1": 0.8103126287460327
    },
    "validation": {
      "BLEU": 0.005690635678928533,
      "ROUGE1_F1": 0.1693060157239112,
      "ROUGEL_F1": 0.10922048998066305,
      "BERTScore_F1": 0.8283936977386475
    },
    "variable naming": {
      "BLEU": 0.004233804923650188,
      "ROUGE1_F1": 0.12340355240252104,
      "ROUGEL_F1": 0.09235961967749515,
      "BERTScore_F1": 0.8209008574485779
    },
    "visual representation": {
      "BLEU": 0.003098926219386999,
      "ROUGE1_F1": 0.06218386395229347,
      "ROUGEL_F1": 0.044604653281461695,
      "BERTScore_F1": 0.8093022704124451
    }
  },
  "per_category": {
    "discussion": {
      "BLEU": 0.004275594162787469,
      "ROUGE1_F1": 0.08727571673556395,
      "ROUGEL_F1": 0.06366731605310001,
      "BERTScore_F1": 0.8155155777931213
    },
    "documentation": {
      "BLEU": 0.00605507432042211,
      "ROUGE1_F1": 0.11432653282311529,
      "ROUGEL_F1": 0.07440246814597457,
      "BERTScore_F1": 0.824718713760376
    },
    "false positive": {
      "BLEU": 0.0025483242539464587,
      "ROUGE1_F1": 0.06631452318460193,
      "ROUGEL_F1": 0.04584208223972003,
      "BERTScore_F1": 0.8126929402351379
    },
    "functional": {
      "BLEU": 0.00589554793889846,
      "ROUGE1_F1": 0.15416572143425886,
      "ROUGEL_F1": 0.10009707919888944,
      "BERTScore_F1": 0.8276268243789673
    },
    "refactoring": {
      "BLEU": 0.005623964566508206,
      "ROUGE1_F1": 0.13501397576151272,
      "ROUGEL_F1": 0.09443468797609607,
      "BERTScore_F1": 0.8210977911949158
    }
  }
}