{
  "overall": {
    "BLEU": 0.0023484693810488858,
    "ROUGE1_F1": 0.10044190865996488,
    "ROUGEL_F1": 0.06133934278779595,
    "BERTScore_F1": 0.8067020773887634
  },
  "per_subcategory": {
    "alternate output": {
      "BLEU": 0.003927747370356837,
      "ROUGE1_F1": 0.12812676880219584,
      "ROUGEL_F1": 0.08380379990271825,
      "BERTScore_F1": 0.8376278877258301
    },
    "code organization": {
      "BLEU": 0.0025469639535218086,
      "ROUGE1_F1": 0.12636739873485267,
      "ROUGEL_F1": 0.08157662349913682,
      "BERTScore_F1": 0.8094980120658875
    },
    "design discussion": {
      "BLEU": 0.0025104433756277466,
      "ROUGE1_F1": 0.11657176350032845,
      "ROUGEL_F1": 0.08249443393059687,
      "BERTScore_F1": 0.8315365314483643
    },
    "documentation": {
      "BLEU": 0.0020887170245379666,
      "ROUGE1_F1": 0.09088113348575176,
      "ROUGEL_F1": 0.055370502978900886,
      "BERTScore_F1": 0.8053333759307861
    },
    "false positive": {
      "BLEU": 0.0014645242951124792,
      "ROUGE1_F1": 0.0487589434044121,
      "ROUGEL_F1": 0.036239161445558575,
      "BERTScore_F1": 0.8133413195610046
    },
    "functional": {
      "BLEU": 0.0016909550324353574,
      "ROUGE1_F1": 0.0878662757436096,
      "ROUGEL_F1": 0.06300414475016071,
      "BERTScore_F1": 0.8123987913131714
    },
    "interface": {
      "BLEU": 0.00222062380875943,
      "ROUGE1_F1": 0.1066519816002059,
      "ROUGEL_F1": 0.061141938025898804,
      "BERTScore_F1": 0.8123219609260559
    },
    "logical": {
      "BLEU": 0.0030324358218228285,
      "ROUGE1_F1": 0.1407191055315655,
      "ROUGEL_F1": 0.07542489709273717,
      "BERTScore_F1": 0.8094758987426758
    },
    "praise": {
      "BLEU": 0.0012759404972872217,
      "ROUGE1_F1": 0.05109097601359554,
      "ROUGEL_F1": 0.030347812573630516,
      "BERTScore_F1": 0.7898809313774109
    },
    "question": {
      "BLEU": 0.002079417732377588,
      "ROUGE1_F1": 0.08619490373711022,
      "ROUGEL_F1": 0.05542632230543232,
      "BERTScore_F1": 0.8061047196388245
    },
    "resource": {
      "BLEU": 0.0019234249568382393,
      "ROUGE1_F1": 0.09485316544569009,
      "ROUGEL_F1": 0.06824801606380015,
      "BERTScore_F1": 0.8127360343933105
    },
    "solution approach": {
      "BLEU": 0.0027821837089288524,
      "ROUGE1_F1": 0.1299466994593232,
      "ROUGEL_F1": 0.06844546639955751,
      "BERTScore_F1": 0.8070642948150635
    },
    "support issues": {
      "BLEU": 0.00195455483227387,
      "ROUGE1_F1": 0.07809294882654505,
      "ROUGEL_F1": 0.04834068495446701,
      "BERTScore_F1": 0.7813339829444885
    },
    "timing": {
      "BLEU": 0.005122583958595746,
      "ROUGE1_F1": 0.17554483370728152,
      "ROUGEL_F1": 0.0902909145433454,
      "BERTScore_F1": 0.8033169507980347
    },
    "validation": {
      "BLEU": 0.003239286310295323,
      "ROUGE1_F1": 0.12647363992200558,
      "ROUGEL_F1": 0.07978399103771451,
      "BERTScore_F1": 0.8112958669662476
    },
    "variable naming": {
      "BLEU": 0.0018685639491015974,
      "ROUGE1_F1": 0.06775619374294853,
      "ROUGEL_F1": 0.04580612843037339,
      "BERTScore_F1": 0.7992510199546814
    },
    "visual representation": {
      "BLEU": 0.001432973594244833,
      "ROUGE1_F1": 0.056934551145136646,
      "ROUGEL_F1": 0.03657674138163265,
      "BERTScore_F1": 0.8016153573989868
    }
  },
  "per_category": {
    "discussion": {
      "BLEU": 0.0019636381818869753,
      "ROUGE1_F1": 0.08241931028564074,
      "ROUGEL_F1": 0.053325304948046534,
      "BERTScore_F1": 0.8056256175041199
    },
    "documentation": {
      "BLEU": 0.0020887170245379666,
      "ROUGE1_F1": 0.09088113348575176,
      "ROUGEL_F1": 0.055370502978900886,
      "BERTScore_F1": 0.8053333759307861
    },
    "false positive": {
      "BLEU": 0.0014645242951124792,
      "ROUGE1_F1": 0.0487589434044121,
      "ROUGEL_F1": 0.036239161445558575,
      "BERTScore_F1": 0.8133413195610046
    },
    "functional": {
      "BLEU": 0.0026740923445028775,
      "ROUGE1_F1": 0.11452978087713374,
      "ROUGEL_F1": 0.06964972255023368,
      "BERTScore_F1": 0.8056245446205139
    },
    "refactoring": {
      "BLEU": 0.0025288684116201673,
      "ROUGE1_F1": 0.10945024356251179,
      "ROUGEL_F1": 0.06474401085147752,
      "BERTScore_F1": 0.808031439781189
    }
  }
}