{
  "overall": {
    "BLEU": 0.004887108001563351,
    "ROUGE1_F1": 0.14874371259806501,
    "ROUGEL_F1": 0.094843405001473,
    "BERTScore_F1": 0.8258830308914185
  },
  "per_subcategory": {
    "alternate output": {
      "BLEU": 0.006480470928269139,
      "ROUGE1_F1": 0.18731930558324036,
      "ROUGEL_F1": 0.11154235310437118,
      "BERTScore_F1": 0.8570966720581055
    },
    "code organization": {
      "BLEU": 0.006577471476338198,
      "ROUGE1_F1": 0.22107595882165,
      "ROUGEL_F1": 0.14548362932839326,
      "BERTScore_F1": 0.8337194323539734
    },
    "design discussion": {
      "BLEU": 0.0035922521060661222,
      "ROUGE1_F1": 0.1367145302510316,
      "ROUGEL_F1": 0.09242156731347621,
      "BERTScore_F1": 0.8452181220054626
    },
    "documentation": {
      "BLEU": 0.005041071146903175,
      "ROUGE1_F1": 0.1440140765002131,
      "ROUGEL_F1": 0.09647352639617372,
      "BERTScore_F1": 0.8236729502677917
    },
    "false positive": {
      "BLEU": 0.005642725782870173,
      "ROUGE1_F1": 0.07548891159690035,
      "ROUGEL_F1": 0.05056038100799241,
      "BERTScore_F1": 0.8196462392807007
    },
    "functional": {
      "BLEU": 0.006768946439352599,
      "ROUGE1_F1": 0.14777636916835699,
      "ROUGEL_F1": 0.09279918864097363,
      "BERTScore_F1": 0.835394561290741
    },
    "interface": {
      "BLEU": 0.005619903346178321,
      "ROUGE1_F1": 0.17141219941103875,
      "ROUGEL_F1": 0.10702063993087221,
      "BERTScore_F1": 0.8295489549636841
    },
    "logical": {
      "BLEU": 0.005513561276837993,
      "ROUGE1_F1": 0.18107586428788444,
      "ROUGEL_F1": 0.11247869850296752,
      "BERTScore_F1": 0.8350254893302917
    },
    "praise": {
      "BLEU": 0.001953224033734565,
      "ROUGE1_F1": 0.06164020861594575,
      "ROUGEL_F1": 0.042275882625113725,
      "BERTScore_F1": 0.8026151657104492
    },
    "question": {
      "BLEU": 0.004292897425066763,
      "ROUGE1_F1": 0.12289324773233867,
      "ROUGEL_F1": 0.08107544731794258,
      "BERTScore_F1": 0.8210922479629517
    },
    "resource": {
      "BLEU": 0.0116671315743159,
      "ROUGE1_F1": 0.17734203822857897,
      "ROUGEL_F1": 0.12288789073824076,
      "BERTScore_F1": 0.8568891286849976
    },
    "solution approach": {
      "BLEU": 0.004771162111702791,
      "ROUGE1_F1": 0.16323132726345194,
      "ROUGEL_F1": 0.09805093952712739,
      "BERTScore_F1": 0.8232232332229614
    },
    "support issues": {
      "BLEU": 0.0028932477257727954,
      "ROUGE1_F1": 0.10322569260019139,
      "ROUGEL_F1": 0.07228349481757661,
      "BERTScore_F1": 0.8105775713920593
    },
    "timing": {
      "BLEU": 0.005271912471087237,
      "ROUGE1_F1": 0.23472977650851345,
      "ROUGEL_F1": 0.14229355114066608,
      "BERTScore_F1": 0.8225781321525574
    },
    "validation": {
      "BLEU": 0.005223314148409454,
      "ROUGE1_F1": 0.17994486355212136,
      "ROUGEL_F1": 0.1059391939158272,
      "BERTScore_F1": 0.8308566212654114
    },
    "variable naming": {
      "BLEU": 0.0045678612790629285,
      "ROUGE1_F1": 0.14925437815402257,
      "ROUGEL_F1": 0.09298441955897413,
      "BERTScore_F1": 0.8262412548065186
    },
    "visual representation": {
      "BLEU": 0.0027952362273312966,
      "ROUGE1_F1": 0.08605882573115482,
      "ROUGEL_F1": 0.055171972079697346,
      "BERTScore_F1": 0.8169956207275391
    }
  },
  "per_category": {
    "discussion": {
      "BLEU": 0.0037384478099064295,
      "ROUGE1_F1": 0.11195147485885414,
      "ROUGEL_F1": 0.07443251228742563,
      "BERTScore_F1": 0.820009171962738
    },
    "documentation": {
      "BLEU": 0.005041071146903175,
      "ROUGE1_F1": 0.1440140765002131,
      "ROUGEL_F1": 0.09647352639617372,
      "BERTScore_F1": 0.8236729502677917
    },
    "false positive": {
      "BLEU": 0.005642725782870173,
      "ROUGE1_F1": 0.07548891159690035,
      "ROUGEL_F1": 0.05056038100799241,
      "BERTScore_F1": 0.8196462392807007
    },
    "functional": {
      "BLEU": 0.005958088637153252,
      "ROUGE1_F1": 0.17353733570843588,
      "ROUGEL_F1": 0.10875173268191043,
      "BERTScore_F1": 0.8317532539367676
    },
    "refactoring": {
      "BLEU": 0.004899077217935837,
      "ROUGE1_F1": 0.1633494858570306,
      "ROUGEL_F1": 0.10185607201375005,
      "BERTScore_F1": 0.8271678686141968
    }
  }
}