{
  "overall": {
    "BLEU": 0.004968433371513964,
    "ROUGE1_F1": 0.11874516872315809,
    "ROUGEL_F1": 0.08242165259383304,
    "BERTScore_F1": 0.8192981481552124
  },
  "per_subcategory": {
    "alternate output": {
      "BLEU": 0.0044598600972017115,
      "ROUGE1_F1": 0.11875620084569008,
      "ROUGEL_F1": 0.08109889754676586,
      "BERTScore_F1": 0.8348577618598938
    },
    "code organization": {
      "BLEU": 0.0054165495009103354,
      "ROUGE1_F1": 0.18402218834348302,
      "ROUGEL_F1": 0.12980235178259766,
      "BERTScore_F1": 0.8270747065544128
    },
    "design discussion": {
      "BLEU": 0.006117957701389219,
      "ROUGE1_F1": 0.14690113721047507,
      "ROUGEL_F1": 0.09247775362131279,
      "BERTScore_F1": 0.8356683850288391
    },
    "documentation": {
      "BLEU": 0.0056182777884414906,
      "ROUGE1_F1": 0.10339247273983133,
      "ROUGEL_F1": 0.07103165865254489,
      "BERTScore_F1": 0.8182244896888733
    },
    "false positive": {
      "BLEU": 0.0034841418565941945,
      "ROUGE1_F1": 0.07617032392894461,
      "ROUGEL_F1": 0.05331318107180176,
      "BERTScore_F1": 0.8195083737373352
    },
    "functional": {
      "BLEU": 0.00338596040305724,
      "ROUGE1_F1": 0.11385381532891044,
      "ROUGEL_F1": 0.08007767325436763,
      "BERTScore_F1": 0.822895884513855
    },
    "interface": {
      "BLEU": 0.0038866376555779397,
      "ROUGE1_F1": 0.11144076767163295,
      "ROUGEL_F1": 0.06958674166430469,
      "BERTScore_F1": 0.8149267435073853
    },
    "logical": {
      "BLEU": 0.003034482486632445,
      "ROUGE1_F1": 0.12761599173827926,
      "ROUGEL_F1": 0.08296605520764928,
      "BERTScore_F1": 0.8250012397766113
    },
    "praise": {
      "BLEU": 0.0015640774901395731,
      "ROUGE1_F1": 0.04274533030513891,
      "ROUGEL_F1": 0.03476920993232433,
      "BERTScore_F1": 0.7933433651924133
    },
    "question": {
      "BLEU": 0.002832028992364201,
      "ROUGE1_F1": 0.08192555408062678,
      "ROUGEL_F1": 0.05952033406029793,
      "BERTScore_F1": 0.8127499222755432
    },
    "resource": {
      "BLEU": 0.01456948609602211,
      "ROUGE1_F1": 0.1675562685643331,
      "ROUGEL_F1": 0.13153162588646458,
      "BERTScore_F1": 0.8472385406494141
    },
    "solution approach": {
      "BLEU": 0.006369495376611846,
      "ROUGE1_F1": 0.1398355729035482,
      "ROUGEL_F1": 0.09576255739149135,
      "BERTScore_F1": 0.8184776306152344
    },
    "support issues": {
      "BLEU": 0.004670150380924759,
      "ROUGE1_F1": 0.11729075303957197,
      "ROUGEL_F1": 0.08374409288788293,
      "BERTScore_F1": 0.8103778958320618
    },
    "timing": {
      "BLEU": 0.003493085517158917,
      "ROUGE1_F1": 0.16811378636119642,
      "ROUGEL_F1": 0.08937628809416297,
      "BERTScore_F1": 0.8038569688796997
    },
    "validation": {
      "BLEU": 0.007738852457733153,
      "ROUGE1_F1": 0.1578966991265814,
      "ROUGEL_F1": 0.10333234349136101,
      "BERTScore_F1": 0.8224099278450012
    },
    "variable naming": {
      "BLEU": 0.006098699963318893,
      "ROUGE1_F1": 0.13516974392877115,
      "ROUGEL_F1": 0.1010663866996844,
      "BERTScore_F1": 0.8286378383636475
    },
    "visual representation": {
      "BLEU": 0.004067152343562455,
      "ROUGE1_F1": 0.06712026620281736,
      "ROUGEL_F1": 0.04993898128697866,
      "BERTScore_F1": 0.81904137134552
    }
  },
  "per_category": {
    "discussion": {
      "BLEU": 0.002938845765136038,
      "ROUGE1_F1": 0.08116390662226981,
      "ROUGEL_F1": 0.05814037391137904,
      "BERTScore_F1": 0.811343252658844
    },
    "documentation": {
      "BLEU": 0.0056182777884414906,
      "ROUGE1_F1": 0.10339247273983133,
      "ROUGEL_F1": 0.07103165865254489,
      "BERTScore_F1": 0.8182244896888733
    },
    "false positive": {
      "BLEU": 0.0034841418565941945,
      "ROUGE1_F1": 0.07617032392894461,
      "ROUGEL_F1": 0.05331318107180176,
      "BERTScore_F1": 0.8195083737373352
    },
    "functional": {
      "BLEU": 0.005724488619709406,
      "ROUGE1_F1": 0.14237057414902943,
      "ROUGEL_F1": 0.09554533473469462,
      "BERTScore_F1": 0.822327733039856
    },
    "refactoring": {
      "BLEU": 0.00572581622750175,
      "ROUGE1_F1": 0.13576251169607842,
      "ROUGEL_F1": 0.09520626157014864,
      "BERTScore_F1": 0.822903037071228
    }
  }
}