{
  "overall": {
    "BLEU": 0.004081270537863603,
    "ROUGE1_F1": 0.13406095489608752,
    "ROUGEL_F1": 0.08585116733546447,
    "BERTScore_F1": 0.8171787261962891
  },
  "per_subcategory": {
    "alternate output": {
      "BLEU": 0.00412167976956142,
      "ROUGE1_F1": 0.149009584525154,
      "ROUGEL_F1": 0.1023317353260927,
      "BERTScore_F1": 0.8495820760726929
    },
    "code organization": {
      "BLEU": 0.005785738358563362,
      "ROUGE1_F1": 0.19907893311038968,
      "ROUGEL_F1": 0.13387973923036345,
      "BERTScore_F1": 0.826034426689148
    },
    "design discussion": {
      "BLEU": 0.004025334193868754,
      "ROUGE1_F1": 0.11793741922386232,
      "ROUGEL_F1": 0.08890829584197872,
      "BERTScore_F1": 0.8321101069450378
    },
    "documentation": {
      "BLEU": 0.005204333372166384,
      "ROUGE1_F1": 0.12447619243103658,
      "ROUGEL_F1": 0.0787146605617502,
      "BERTScore_F1": 0.8149828910827637
    },
    "false positive": {
      "BLEU": 0.002494680117297058,
      "ROUGE1_F1": 0.07375060778431931,
      "ROUGEL_F1": 0.04990954818167031,
      "BERTScore_F1": 0.8157113790512085
    },
    "functional": {
      "BLEU": 0.004337919521992259,
      "ROUGE1_F1": 0.13689916632240604,
      "ROUGEL_F1": 0.10204364877693624,
      "BERTScore_F1": 0.8275567889213562
    },
    "interface": {
      "BLEU": 0.003641398569664595,
      "ROUGE1_F1": 0.15609901473570634,
      "ROUGEL_F1": 0.09717885484911636,
      "BERTScore_F1": 0.8266037106513977
    },
    "logical": {
      "BLEU": 0.0039037843081171203,
      "ROUGE1_F1": 0.17827927798313398,
      "ROUGEL_F1": 0.09863612391987188,
      "BERTScore_F1": 0.8232834935188293
    },
    "praise": {
      "BLEU": 0.001365129566026107,
      "ROUGE1_F1": 0.054387103513139905,
      "ROUGEL_F1": 0.04147355143495025,
      "BERTScore_F1": 0.7893958687782288
    },
    "question": {
      "BLEU": 0.0026347392572658944,
      "ROUGE1_F1": 0.09476523052587338,
      "ROUGEL_F1": 0.06593011417596167,
      "BERTScore_F1": 0.8108606338500977
    },
    "resource": {
      "BLEU": 0.0036015664906323824,
      "ROUGE1_F1": 0.12485321058613912,
      "ROUGEL_F1": 0.08555263207244446,
      "BERTScore_F1": 0.8351072072982788
    },
    "solution approach": {
      "BLEU": 0.005463278391224047,
      "ROUGE1_F1": 0.17563166429254892,
      "ROUGEL_F1": 0.09732729200863392,
      "BERTScore_F1": 0.8182138204574585
    },
    "support issues": {
      "BLEU": 0.002882014677929788,
      "ROUGE1_F1": 0.1059663212827018,
      "ROUGEL_F1": 0.07189264642437247,
      "BERTScore_F1": 0.8042237162590027
    },
    "timing": {
      "BLEU": 0.009102285283393111,
      "ROUGE1_F1": 0.21152031205586583,
      "ROUGEL_F1": 0.1229661482807393,
      "BERTScore_F1": 0.8134407997131348
    },
    "validation": {
      "BLEU": 0.003408149829930293,
      "ROUGE1_F1": 0.16585298943185994,
      "ROUGEL_F1": 0.0988558838881137,
      "BERTScore_F1": 0.8231220245361328
    },
    "variable naming": {
      "BLEU": 0.004215601352941424,
      "ROUGE1_F1": 0.13328697848773657,
      "ROUGEL_F1": 0.09215208598762871,
      "BERTScore_F1": 0.8169390559196472
    },
    "visual representation": {
      "BLEU": 0.0028677658702732645,
      "ROUGE1_F1": 0.06728647025441328,
      "ROUGEL_F1": 0.0485627188295773,
      "BERTScore_F1": 0.8095483183860779
    }
  },
  "per_category": {
    "discussion": {
      "BLEU": 0.002530625609413663,
      "ROUGE1_F1": 0.08911474413787088,
      "ROUGEL_F1": 0.06350135306197975,
      "BERTScore_F1": 0.8088492751121521
    },
    "documentation": {
      "BLEU": 0.005204333372166384,
      "ROUGE1_F1": 0.12447619243103658,
      "ROUGEL_F1": 0.0787146605617502,
      "BERTScore_F1": 0.8149828910827637
    },
    "false positive": {
      "BLEU": 0.002494680117297058,
      "ROUGE1_F1": 0.07375060778431931,
      "ROUGEL_F1": 0.04990954818167031,
      "BERTScore_F1": 0.8157113790512085
    },
    "functional": {
      "BLEU": 0.004215062411308268,
      "ROUGE1_F1": 0.1569341558909441,
      "ROUGEL_F1": 0.09688080267977826,
      "BERTScore_F1": 0.82160484790802
    },
    "refactoring": {
      "BLEU": 0.0047720404967163356,
      "ROUGE1_F1": 0.15566835210943197,
      "ROUGEL_F1": 0.09783202997701922,
      "BERTScore_F1": 0.8206135630607605
    }
  }
}