{
  "overall": {
    "BLEU": 0.0017340466483698814,
    "ROUGE1_F1": 0.010264372454364892,
    "ROUGEL_F1": 0.009833304971754737,
    "BERTScore_F1": 0.7389867305755615
  },
  "per_subcategory": {
    "alternate output": {
      "BLEU": 0.0021582121578455535,
      "ROUGE1_F1": 0.009251559251559252,
      "ROUGEL_F1": 0.009251559251559252,
      "BERTScore_F1": 0.7516319155693054
    },
    "code organization": {
      "BLEU": 0.00688609985297908,
      "ROUGE1_F1": 0.026813081501654366,
      "ROUGEL_F1": 0.025531030219603085,
      "BERTScore_F1": 0.7421010732650757
    },
    "design discussion": {
      "BLEU": 0.0,
      "ROUGE1_F1": 0.0,
      "ROUGEL_F1": 0.0,
      "BERTScore_F1": 0.740912139415741
    },
    "documentation": {
      "BLEU": 0.0013709948486792113,
      "ROUGE1_F1": 0.012722475972518318,
      "ROUGEL_F1": 0.012722475972518318,
      "BERTScore_F1": 0.7385155558586121
    },
    "false positive": {
      "BLEU": 0.0010949741420907303,
      "ROUGE1_F1": 0.005714285714285715,
      "ROUGEL_F1": 0.005714285714285715,
      "BERTScore_F1": 0.740243136882782
    },
    "functional": {
      "BLEU": 0.0024469113935847863,
      "ROUGE1_F1": 0.01425047958344752,
      "ROUGEL_F1": 0.01425047958344752,
      "BERTScore_F1": 0.7405091524124146
    },
    "interface": {
      "BLEU": 0.0010949741420907303,
      "ROUGE1_F1": 0.005721296655043265,
      "ROUGEL_F1": 0.005721296655043265,
      "BERTScore_F1": 0.7405928373336792
    },
    "logical": {
      "BLEU": 0.0017544370249658933,
      "ROUGE1_F1": 0.012751689997027157,
      "ROUGEL_F1": 0.010790905683301665,
      "BERTScore_F1": 0.7414472699165344
    },
    "praise": {
      "BLEU": 0.0,
      "ROUGE1_F1": 0.0,
      "ROUGEL_F1": 0.0,
      "BERTScore_F1": 0.7285455465316772
    },
    "question": {
      "BLEU": 0.0011993486944354577,
      "ROUGE1_F1": 0.007541521894358897,
      "ROUGEL_F1": 0.006972531851684643,
      "BERTScore_F1": 0.7353704571723938
    },
    "resource": {
      "BLEU": 0.0010949741420907303,
      "ROUGE1_F1": 0.004878048780487805,
      "ROUGEL_F1": 0.004878048780487805,
      "BERTScore_F1": 0.7491649389266968
    },
    "solution approach": {
      "BLEU": 0.0010370560011881277,
      "ROUGE1_F1": 0.01018802054831106,
      "ROUGEL_F1": 0.01018802054831106,
      "BERTScore_F1": 0.741192102432251
    },
    "support issues": {
      "BLEU": 0.0007958330797624927,
      "ROUGE1_F1": 0.0042285886496769695,
      "ROUGEL_F1": 0.0042285886496769695,
      "BERTScore_F1": 0.7358916401863098
    },
    "timing": {
      "BLEU": 0.0013645223539873786,
      "ROUGE1_F1": 0.012622314009981216,
      "ROUGEL_F1": 0.010400091787758995,
      "BERTScore_F1": 0.7321281433105469
    },
    "validation": {
      "BLEU": 0.002708610360743716,
      "ROUGE1_F1": 0.016770467573388587,
      "ROUGEL_F1": 0.016770467573388587,
      "BERTScore_F1": 0.7394208312034607
    },
    "variable naming": {
      "BLEU": 0.0010627718051974746,
      "ROUGE1_F1": 0.007560189710727344,
      "ROUGEL_F1": 0.006484920893523044,
      "BERTScore_F1": 0.7405612468719482
    },
    "visual representation": {
      "BLEU": 0.00038551728175573207,
      "ROUGE1_F1": 0.0016194331983805667,
      "ROUGEL_F1": 0.0016194331983805667,
      "BERTScore_F1": 0.7376053333282471
    }
  },
  "per_category": {
    "discussion": {
      "BLEU": 0.0008217759572983692,
      "ROUGE1_F1": 0.0051673390757644285,
      "ROUGEL_F1": 0.004777475528006144,
      "BERTScore_F1": 0.7345959544181824
    },
    "documentation": {
      "BLEU": 0.0013709948486792113,
      "ROUGE1_F1": 0.012722475972518318,
      "ROUGEL_F1": 0.012722475972518318,
      "BERTScore_F1": 0.7385155558586121
    },
    "false positive": {
      "BLEU": 0.0010949741420907303,
      "ROUGE1_F1": 0.005714285714285715,
      "ROUGEL_F1": 0.005714285714285715,
      "BERTScore_F1": 0.740243136882782
    },
    "functional": {
      "BLEU": 0.0017584878992272651,
      "ROUGE1_F1": 0.01132845546523364,
      "ROUGEL_F1": 0.01071407638026632,
      "BERTScore_F1": 0.7400767803192139
    },
    "refactoring": {
      "BLEU": 0.0024477271305004085,
      "ROUGE1_F1": 0.01247617723014705,
      "ROUGEL_F1": 0.011978914636110264,
      "BERTScore_F1": 0.741220235824585
    }
  }
}