{
  "overall": {
    "BLEU": 0.0029079587630503776,
    "ROUGE1_F1": 0.06659565235214922,
    "ROUGEL_F1": 0.04794735056857591,
    "BERTScore_F1": 0.7156063318252563
  },
  "per_subcategory": {
    "alternate output": {
      "BLEU": 0.0023879083908389808,
      "ROUGE1_F1": 0.04357868900068389,
      "ROUGEL_F1": 0.03778158755140852,
      "BERTScore_F1": 0.6445234417915344
    },
    "code organization": {
      "BLEU": 0.0034372254594745113,
      "ROUGE1_F1": 0.08071533299877125,
      "ROUGEL_F1": 0.05914390720161154,
      "BERTScore_F1": 0.7856608629226685
    },
    "design discussion": {
      "BLEU": 0.0033508699380743116,
      "ROUGE1_F1": 0.0685053840690415,
      "ROUGEL_F1": 0.03861377874144271,
      "BERTScore_F1": 0.6579679846763611
    },
    "documentation": {
      "BLEU": 0.0034507383949022607,
      "ROUGE1_F1": 0.06398922338870412,
      "ROUGEL_F1": 0.050617035761783,
      "BERTScore_F1": 0.7248191237449646
    },
    "false positive": {
      "BLEU": 0.0015066416059426563,
      "ROUGE1_F1": 0.04752961237477543,
      "ROUGEL_F1": 0.028017417252824212,
      "BERTScore_F1": 0.7862352132797241
    },
    "functional": {
      "BLEU": 0.002362801382250061,
      "ROUGE1_F1": 0.06203531917817632,
      "ROUGEL_F1": 0.04880780595066309,
      "BERTScore_F1": 0.7992898225784302
    },
    "interface": {
      "BLEU": 0.0030413912533090526,
      "ROUGE1_F1": 0.07540213389655269,
      "ROUGEL_F1": 0.05554526280315656,
      "BERTScore_F1": 0.7807842493057251
    },
    "logical": {
      "BLEU": 0.0029814825377627893,
      "ROUGE1_F1": 0.08436623246083376,
      "ROUGEL_F1": 0.06369427911194803,
      "BERTScore_F1": 0.7877126932144165
    },
    "praise": {
      "BLEU": 0.0017262380334992474,
      "ROUGE1_F1": 0.04694767927369063,
      "ROUGEL_F1": 0.03370752004692668,
      "BERTScore_F1": 0.6447495818138123
    },
    "question": {
      "BLEU": 0.0028986837441894097,
      "ROUGE1_F1": 0.05958856793118925,
      "ROUGEL_F1": 0.04246102726320902,
      "BERTScore_F1": 0.7016453742980957
    },
    "resource": {
      "BLEU": 0.004557030823480708,
      "ROUGE1_F1": 0.041568252253063494,
      "ROUGEL_F1": 0.029444256845485996,
      "BERTScore_F1": 0.643021285533905
    },
    "solution approach": {
      "BLEU": 0.002614976929895241,
      "ROUGE1_F1": 0.07712177134857555,
      "ROUGEL_F1": 0.05023295773365579,
      "BERTScore_F1": 0.6858512759208679
    },
    "support issues": {
      "BLEU": 0.002018166737079942,
      "ROUGE1_F1": 0.05842695408760735,
      "ROUGEL_F1": 0.046317786096086416,
      "BERTScore_F1": 0.6469147205352783
    },
    "timing": {
      "BLEU": 0.0012277495135420583,
      "ROUGE1_F1": 0.0751988783703255,
      "ROUGEL_F1": 0.044696010433983135,
      "BERTScore_F1": 0.7753089666366577
    },
    "validation": {
      "BLEU": 0.003692304455859702,
      "ROUGE1_F1": 0.08397814954720745,
      "ROUGEL_F1": 0.05976111857559992,
      "BERTScore_F1": 0.6785708665847778
    },
    "variable naming": {
      "BLEU": 0.003732803782302382,
      "ROUGE1_F1": 0.07270575815396171,
      "ROUGEL_F1": 0.05558260787454829,
      "BERTScore_F1": 0.7368773221969604
    },
    "visual representation": {
      "BLEU": 0.0019963317128175507,
      "ROUGE1_F1": 0.04494419375050261,
      "ROUGEL_F1": 0.03537760220898943,
      "BERTScore_F1": 0.7280823588371277
    }
  },
  "per_category": {
    "discussion": {
      "BLEU": 0.0027100951209619584,
      "ROUGE1_F1": 0.058004329442200894,
      "ROUGEL_F1": 0.040250433364881176,
      "BERTScore_F1": 0.685202419757843
    },
    "documentation": {
      "BLEU": 0.0034507383949022607,
      "ROUGE1_F1": 0.06398922338870412,
      "ROUGEL_F1": 0.050617035761783,
      "BERTScore_F1": 0.7248191237449646
    },
    "false positive": {
      "BLEU": 0.0015066416059426563,
      "ROUGE1_F1": 0.04752961237477543,
      "ROUGEL_F1": 0.028017417252824212,
      "BERTScore_F1": 0.7862352132797241
    },
    "functional": {
      "BLEU": 0.0030366430771272034,
      "ROUGE1_F1": 0.07173949396235198,
      "ROUGEL_F1": 0.05192023783987702,
      "BERTScore_F1": 0.7070556879043579
    },
    "refactoring": {
      "BLEU": 0.0028868908534078397,
      "ROUGE1_F1": 0.07093641249068042,
      "ROUGEL_F1": 0.050954093275436006,
      "BERTScore_F1": 0.7334050536155701
    }
  }
}