{
  "overall": {
    "BLEU": 0.005308432354497914,
    "ROUGE1_F1": 0.14723203490745596,
    "ROUGEL_F1": 0.09478930222148314,
    "BERTScore_F1": 0.826073169708252
  },
  "per_subcategory": {
    "alternate output": {
      "BLEU": 0.004435902518307981,
      "ROUGE1_F1": 0.1589827142402653,
      "ROUGEL_F1": 0.10073491143800706,
      "BERTScore_F1": 0.849460244178772
    },
    "code organization": {
      "BLEU": 0.008397460170213176,
      "ROUGE1_F1": 0.22343026148074144,
      "ROUGEL_F1": 0.1423866044431666,
      "BERTScore_F1": 0.8354250192642212
    },
    "design discussion": {
      "BLEU": 0.005736385419764583,
      "ROUGE1_F1": 0.154472140654086,
      "ROUGEL_F1": 0.11174898120253786,
      "BERTScore_F1": 0.8456839919090271
    },
    "documentation": {
      "BLEU": 0.005411381599195356,
      "ROUGE1_F1": 0.14027941172115088,
      "ROUGEL_F1": 0.09004962972899984,
      "BERTScore_F1": 0.8242408633232117
    },
    "false positive": {
      "BLEU": 0.003124134315618274,
      "ROUGE1_F1": 0.07178733994825949,
      "ROUGEL_F1": 0.05312637128729082,
      "BERTScore_F1": 0.8224526643753052
    },
    "functional": {
      "BLEU": 0.0094376454337663,
      "ROUGE1_F1": 0.15697943210300055,
      "ROUGEL_F1": 0.1007807377233269,
      "BERTScore_F1": 0.8346723318099976
    },
    "interface": {
      "BLEU": 0.003506316765486977,
      "ROUGE1_F1": 0.148345913505006,
      "ROUGEL_F1": 0.08806020443587682,
      "BERTScore_F1": 0.8325284123420715
    },
    "logical": {
      "BLEU": 0.004824037716883287,
      "ROUGE1_F1": 0.1905153500681729,
      "ROUGEL_F1": 0.12391231038270686,
      "BERTScore_F1": 0.837706446647644
    },
    "praise": {
      "BLEU": 0.006567929877343756,
      "ROUGE1_F1": 0.06436586852845272,
      "ROUGEL_F1": 0.048462008751523795,
      "BERTScore_F1": 0.8084142804145813
    },
    "question": {
      "BLEU": 0.0043608730033641825,
      "ROUGE1_F1": 0.12022418656482683,
      "ROUGEL_F1": 0.08146691639470509,
      "BERTScore_F1": 0.8182457089424133
    },
    "resource": {
      "BLEU": 0.0037763802468353375,
      "ROUGE1_F1": 0.14364992261150977,
      "ROUGEL_F1": 0.0936833674275633,
      "BERTScore_F1": 0.8411410450935364
    },
    "solution approach": {
      "BLEU": 0.006069340454010324,
      "ROUGE1_F1": 0.16945489411745826,
      "ROUGEL_F1": 0.10179198329891986,
      "BERTScore_F1": 0.8258019685745239
    },
    "support issues": {
      "BLEU": 0.0032694976565221853,
      "ROUGE1_F1": 0.13175254427789926,
      "ROUGEL_F1": 0.08304543226787986,
      "BERTScore_F1": 0.8229019641876221
    },
    "timing": {
      "BLEU": 0.0061076053502177865,
      "ROUGE1_F1": 0.19014536296485937,
      "ROUGEL_F1": 0.12300257447175995,
      "BERTScore_F1": 0.8158095479011536
    },
    "validation": {
      "BLEU": 0.004710476691476351,
      "ROUGE1_F1": 0.17937189963398942,
      "ROUGEL_F1": 0.09937013096836095,
      "BERTScore_F1": 0.826650083065033
    },
    "variable naming": {
      "BLEU": 0.004721681667330357,
      "ROUGE1_F1": 0.13798413490405942,
      "ROUGEL_F1": 0.09536251706499324,
      "BERTScore_F1": 0.8252609372138977
    },
    "visual representation": {
      "BLEU": 0.0032869031989009247,
      "ROUGE1_F1": 0.08782912527317652,
      "ROUGEL_F1": 0.06410905683038894,
      "BERTScore_F1": 0.8214089870452881
    }
  },
  "per_category": {
    "discussion": {
      "BLEU": 0.004963293375811919,
      "ROUGE1_F1": 0.11265096853029793,
      "ROUGEL_F1": 0.07810836833492736,
      "BERTScore_F1": 0.8192917108535767
    },
    "documentation": {
      "BLEU": 0.005411381599195356,
      "ROUGE1_F1": 0.14027941172115088,
      "ROUGEL_F1": 0.09004962972899984,
      "BERTScore_F1": 0.8242408633232117
    },
    "false positive": {
      "BLEU": 0.003124134315618274,
      "ROUGE1_F1": 0.07178733994825949,
      "ROUGEL_F1": 0.05312637128729082,
      "BERTScore_F1": 0.8224526643753052
    },
    "functional": {
      "BLEU": 0.005045456296555288,
      "ROUGE1_F1": 0.17032770461933436,
      "ROUGEL_F1": 0.10438271891505703,
      "BERTScore_F1": 0.8305418491363525
    },
    "refactoring": {
      "BLEU": 0.005787444450543564,
      "ROUGE1_F1": 0.16219251740793114,
      "ROUGEL_F1": 0.10363652114631504,
      "BERTScore_F1": 0.8285117149353027
    }
  }
}